[
  {
    "id": "0250e4c2-1192-4a22-846f-97772d52c6e3",
    "title": "Ankieta o programowaniu",
    "author": "Jan Kowalski",
    "questions": [
      {
        "text": "Jaki język lubisz najbardziej?",
        "options": [
          "JavaScript",
          "Python",
          "C++"
        ]
      },
      {
        "text": "Czy lubisz backend?",
        "options": [
          "Tak",
          "Nie"
        ]
      }
    ],
    "createdAt": "2025-04-09T15:36:59.585Z",
    "responses": [
      [
        "Python",
        "Tak"
      ],
      [
        "JavaScript",
        "Tak"
      ]
    ]
  },
  {
    "id": "6d4ecdc0-c133-4def-9e00-ad8a2c128f71",
    "title": "Twoje nawyki cyfrowe",
    "author": "Anna Nowak",
    "questions": [
      {
        "text": "Ile godzin dziennie spędzasz przed ekranem?",
        "options": [
          "<2h",
          "2-4h",
          "5-8h",
          "więcej niż 8h"
        ]
      },
      {
        "text": "Z jakiej platformy korzystasz najczęściej?",
        "options": [
          "YouTube",
          "Instagram",
          "TikTok",
          "Facebook"
        ]
      }
    ],
    "createdAt": "2025-04-09T15:51:28.297Z",
    "responses": [
      [
        "2-4h",
        "YouTube"
      ]
    ]
  },
  {
    "id": "1ad696b8-678c-43de-9f7b-eba59647efcf",
    "title": "Technologie, z których korzystasz",
    "author": "Michał Wiśniewski",
    "questions": [
      {
        "text": "Z jakich technologii frontendowych korzystasz na co dzień?",
        "options": [
          "HTML",
          "CSS",
          "JavaScript",
          "React",
          "Vue",
          "Angular"
        ],
        "multiple": true
      },
      {
        "text": "Czy korzystasz z systemu kontroli wersji (np. Git)?",
        "options": [
          "Tak",
          "Nie"
        ]
      }
    ],
    "createdAt": "2025-04-09T15:54:15.194Z",
    "responses": [
      [
        [
          "HTML",
          "CSS",
          "JavaScript"
        ],
        "Tak"
      ],
      [
        [
          "HTML",
          "JavaScript"
        ],
        "Nie"
      ]
    ]
  }
]